<Configuration status="debug" monitorInterval="5">
    <Appenders>
        <Console name="STDOUT">
            <PatternLayout pattern="%highlight{%d{HH:mm:ss.SSS} [%t] %-5level %logger{36} - %m%n}"/>
        </Console>
        <File name="File" fileName="infolevel.log" append="false">
            <PatternLayout pattern="%d{yyyy-mm-dd HH:mm:ss.SSS} [%t] %-5level %logger{36} - %msg%n"/>
            <LevelRangeFilter minLevel="info" maxLevel="info" onMatch="ACCEPT" onMismatch="DENY"/>
        </File>
    </Appenders>
    <Loggers>
        <Root level="all">
            <AppenderRef ref="STDOUT"/>
            <AppenderRef ref="File"/>
        </Root>
    </Loggers>
</Configuration>